p_adx_min,p_macd_hist_min,p_rsi_oversold,p_rsi_overbought,p_atr_regime_ratio,p_enable_momentum_entry,p_cooldown_bars,p_allow_overlap,p_allow_reverse,p_stop_loss_atr,p_trail_activation_atr,p_trail_distance_atr,p_take_profit_atr,p_breakeven_atr,p_leverage,p_margin_pct,p_reduced_margin_pct,p_dd_soft_pct,p_dd_halt_pct,p_dd_resume_pct,trades,wr,pf,sharpe,roi,dd,consecL,halt_bars
10.0,5.0,40,60,0.5,True,0,False,False,1.2,0.8,0.3,14.0,0.75,1,0.05,0.025,8.0,100.0,100.0,32,50.0,0.9906139771580127,-0.1078894033400331,-0.01108134649832209,0.4121629499430713,3,0
10.0,5.0,40,60,0.5,True,0,False,False,1.2,0.8,0.3,14.0,0.75,1,0.05,0.025,8.0,20.0,12.0,32,50.0,0.9906139771580127,-0.1078894033400331,-0.01108134649832209,0.4121629499430713,3,0
10.0,5.0,40,60,0.5,True,0,False,False,1.2,0.8,0.3,14.0,0.75,1,0.05,0.025,8.0,15.0,8.0,32,50.0,0.9906139771580127,-0.1078894033400331,-0.01108134649832209,0.4121629499430713,3,0
10.0,5.0,40,60,0.5,True,0,False,False,1.2,0.8,0.3,14.0,0.75,1,0.05,0.025,12.0,100.0,100.0,32,50.0,0.9906139771580127,-0.1078894033400331,-0.01108134649832209,0.4121629499430713,3,0
10.0,5.0,40,60,0.5,True,0,False,False,1.2,0.8,0.3,14.0,0.75,1,0.05,0.025,12.0,20.0,12.0,32,50.0,0.9906139771580127,-0.1078894033400331,-0.01108134649832209,0.4121629499430713,3,0
10.0,5.0,40,60,0.5,True,0,False,False,1.2,0.8,0.3,14.0,0.75,1,0.05,0.025,12.0,15.0,8.0,32,50.0,0.9906139771580127,-0.1078894033400331,-0.01108134649832209,0.4121629499430713,3,0
10.0,5.0,40,60,0.5,True,0,False,False,1.2,0.8,0.3,14.0,0.75,1,0.1,0.05,8.0,100.0,100.0,409,57.457212713936435,1.5213095020423946,1.1034907754307384,12.476641846562543,1.2961553171584543,5,0
10.0,5.0,40,60,0.5,True,0,False,False,1.2,0.8,0.3,14.0,0.75,1,0.1,0.05,8.0,20.0,12.0,409,57.457212713936435,1.5213095020423946,1.1034907754307384,12.476641846562543,1.2961553171584543,5,0
10.0,5.0,40,60,0.5,True,0,False,False,1.2,0.8,0.3,14.0,0.75,1,0.1,0.05,8.0,15.0,8.0,409,57.457212713936435,1.5213095020423946,1.1034907754307384,12.476641846562543,1.2961553171584543,5,0
10.0,5.0,40,60,0.5,True,0,False,False,1.2,0.8,0.3,14.0,0.75,1,0.1,0.05,12.0,100.0,100.0,409,57.457212713936435,1.5213095020423946,1.1034907754307384,12.476641846562543,1.2961553171584543,5,0
10.0,5.0,40,60,0.5,True,0,False,False,1.2,0.8,0.3,14.0,0.75,1,0.1,0.05,12.0,20.0,12.0,409,57.457212713936435,1.5213095020423946,1.1034907754307384,12.476641846562543,1.2961553171584543,5,0
10.0,5.0,40,60,0.5,True,0,False,False,1.2,0.8,0.3,14.0,0.75,1,0.1,0.05,12.0,15.0,8.0,409,57.457212713936435,1.5213095020423946,1.1034907754307384,12.476641846562543,1.2961553171584543,5,0
10.0,5.0,40,60,0.5,True,0,False,False,1.2,0.8,0.3,14.0,0.75,2,0.05,0.025,12.0,20.0,12.0,409,57.457212713936435,1.5213095020423946,1.1034907754307384,12.476641846562543,1.2961553171584543,5,0
10.0,5.0,40,60,0.5,True,0,False,False,1.2,0.8,0.3,14.0,0.75,2,0.05,0.025,12.0,15.0,8.0,409,57.457212713936435,1.5213095020423946,1.1034907754307384,12.476641846562543,1.2961553171584543,5,0
10.0,5.0,40,60,0.5,True,0,False,False,1.2,0.8,0.3,14.0,0.75,2,0.05,0.025,8.0,15.0,8.0,409,57.457212713936435,1.5213095020423946,1.1034907754307384,12.476641846562543,1.2961553171584543,5,0
10.0,5.0,40,60,0.5,True,0,False,False,1.2,0.8,0.3,14.0,0.75,2,0.05,0.025,12.0,100.0,100.0,409,57.457212713936435,1.5213095020423946,1.1034907754307384,12.476641846562543,1.2961553171584543,5,0
10.0,5.0,40,60,0.5,True,0,False,False,1.2,0.8,0.3,14.0,0.75,2,0.05,0.025,8.0,20.0,12.0,409,57.457212713936435,1.5213095020423946,1.1034907754307384,12.476641846562543,1.2961553171584543,5,0
10.0,5.0,40,60,0.5,True,0,False,False,1.2,0.8,0.3,14.0,0.75,2,0.05,0.025,8.0,100.0,100.0,409,57.457212713936435,1.5213095020423946,1.1034907754307384,12.476641846562543,1.2961553171584543,5,0
10.0,5.0,40,60,0.5,True,0,False,False,1.2,0.8,0.3,14.0,0.75,1,0.15,0.075,8.0,20.0,12.0,569,58.17223198594025,1.6325217434745305,1.285343055762693,32.92383292628862,1.6744125670048342,5,0
10.0,5.0,40,60,0.5,True,0,False,False,1.2,0.8,0.3,14.0,0.75,1,0.15,0.075,8.0,100.0,100.0,569,58.17223198594025,1.6325217434745305,1.285343055762693,32.92383292628862,1.6744125670048342,5,0
10.0,5.0,40,60,0.5,True,0,False,False,1.2,0.8,0.3,14.0,0.75,1,0.15,0.075,12.0,100.0,100.0,569,58.17223198594025,1.6325217434745305,1.285343055762693,32.92383292628862,1.6744125670048342,5,0
10.0,5.0,40,60,0.5,True,0,False,False,1.2,0.8,0.3,14.0,0.75,1,0.15,0.075,8.0,15.0,8.0,569,58.17223198594025,1.6325217434745305,1.285343055762693,32.92383292628862,1.6744125670048342,5,0
10.0,5.0,40,60,0.5,True,0,False,False,1.2,0.8,0.3,14.0,0.75,1,0.15,0.075,12.0,20.0,12.0,569,58.17223198594025,1.6325217434745305,1.285343055762693,32.92383292628862,1.6744125670048342,5,0
10.0,5.0,40,60,0.5,True,0,False,False,1.2,0.8,0.3,14.0,0.75,1,0.15,0.075,12.0,15.0,8.0,569,58.17223198594025,1.6325217434745305,1.285343055762693,32.92383292628862,1.6744125670048342,5,0
10.0,5.0,40,60,0.5,True,0,False,False,1.2,0.8,0.3,14.0,0.75,3,0.05,0.025,12.0,20.0,12.0,569,58.17223198594025,1.6325217434745305,1.285343055762693,32.92383292628862,1.6744125670048342,5,0
10.0,5.0,40,60,0.5,True,0,False,False,1.2,0.8,0.3,14.0,0.75,3,0.05,0.025,12.0,15.0,8.0,569,58.17223198594025,1.6325217434745305,1.285343055762693,32.92383292628862,1.6744125670048342,5,0
10.0,5.0,40,60,0.5,True,0,False,False,1.2,0.8,0.3,14.0,0.75,3,0.05,0.025,8.0,100.0,100.0,569,58.17223198594025,1.6325217434745305,1.285343055762693,32.92383292628862,1.6744125670048342,5,0
10.0,5.0,40,60,0.5,True,0,False,False,1.2,0.8,0.3,14.0,0.75,3,0.05,0.025,8.0,20.0,12.0,569,58.17223198594025,1.6325217434745305,1.285343055762693,32.92383292628862,1.6744125670048342,5,0
10.0,5.0,40,60,0.5,True,0,False,False,1.2,0.8,0.3,14.0,0.75,3,0.05,0.025,8.0,15.0,8.0,569,58.17223198594025,1.6325217434745305,1.285343055762693,32.92383292628862,1.6744125670048342,5,0
10.0,5.0,40,60,0.5,True,0,False,False,1.2,0.8,0.3,14.0,0.75,3,0.05,0.025,12.0,100.0,100.0,569,58.17223198594025,1.6325217434745305,1.285343055762693,32.92383292628862,1.6744125670048342,5,0
10.0,5.0,40,60,0.5,True,0,False,False,1.2,0.8,0.3,14.0,0.75,2,0.1,0.05,8.0,100.0,100.0,650,58.46153846153847,1.648017330059428,1.5556408905729566,57.496743103417934,2.442681940837599,5,0
10.0,5.0,40,60,0.5,True,0,False,False,1.2,0.8,0.3,14.0,0.75,2,0.1,0.05,8.0,20.0,12.0,650,58.46153846153847,1.648017330059428,1.5556408905729566,57.496743103417934,2.442681940837599,5,0
10.0,5.0,40,60,0.5,True,0,False,False,1.2,0.8,0.3,14.0,0.75,2,0.1,0.05,12.0,20.0,12.0,650,58.46153846153847,1.648017330059428,1.5556408905729566,57.496743103417934,2.442681940837599,5,0
10.0,5.0,40,60,0.5,True,0,False,False,1.2,0.8,0.3,14.0,0.75,2,0.1,0.05,12.0,15.0,8.0,650,58.46153846153847,1.648017330059428,1.5556408905729566,57.496743103417934,2.442681940837599,5,0
10.0,5.0,40,60,0.5,True,0,False,False,1.2,0.8,0.3,14.0,0.75,2,0.1,0.05,8.0,15.0,8.0,650,58.46153846153847,1.648017330059428,1.5556408905729566,57.496743103417934,2.442681940837599,5,0
10.0,5.0,40,60,0.5,True,0,False,False,1.2,0.8,0.3,14.0,0.75,2,0.1,0.05,12.0,100.0,100.0,650,58.46153846153847,1.648017330059428,1.5556408905729566,57.496743103417934,2.442681940837599,5,0
10.0,5.0,40,60,0.5,True,0,False,False,1.2,0.8,0.3,14.0,0.75,1,0.25,0.125,12.0,20.0,12.0,721,58.252427184466015,1.677379630538392,1.7506034516435967,98.998172245456,3.2546446440453667,5,0
10.0,5.0,40,60,0.5,True,0,False,False,1.2,0.8,0.3,14.0,0.75,1,0.25,0.125,12.0,15.0,8.0,721,58.252427184466015,1.677379630538392,1.7506034516435967,98.998172245456,3.2546446440453667,5,0
10.0,5.0,40,60,0.5,True,0,False,False,1.2,0.8,0.3,14.0,0.75,1,0.25,0.125,8.0,100.0,100.0,721,58.252427184466015,1.677379630538392,1.7506034516435967,98.998172245456,3.2546446440453667,5,0
10.0,5.0,40,60,0.5,True,0,False,False,1.2,0.8,0.3,14.0,0.75,1,0.25,0.125,8.0,20.0,12.0,721,58.252427184466015,1.677379630538392,1.7506034516435967,98.998172245456,3.2546446440453667,5,0
10.0,5.0,40,60,0.5,True,0,False,False,1.2,0.8,0.3,14.0,0.75,1,0.25,0.125,8.0,15.0,8.0,721,58.252427184466015,1.677379630538392,1.7506034516435967,98.998172245456,3.2546446440453667,5,0
10.0,5.0,40,60,0.5,True,0,False,False,1.2,0.8,0.3,14.0,0.75,1,0.25,0.125,12.0,100.0,100.0,721,58.252427184466015,1.677379630538392,1.7506034516435967,98.998172245456,3.2546446440453667,5,0
10.0,5.0,40,60,0.5,True,0,False,False,1.2,0.8,0.3,14.0,0.75,5,0.05,0.025,8.0,100.0,100.0,721,58.252427184466015,1.677379630538392,1.7506034516435967,98.998172245456,3.2546446440453667,5,0
10.0,5.0,40,60,0.5,True,0,False,False,1.2,0.8,0.3,14.0,0.75,5,0.05,0.025,8.0,20.0,12.0,721,58.252427184466015,1.677379630538392,1.7506034516435967,98.998172245456,3.2546446440453667,5,0
10.0,5.0,40,60,0.5,True,0,False,False,1.2,0.8,0.3,14.0,0.75,5,0.05,0.025,12.0,20.0,12.0,721,58.252427184466015,1.677379630538392,1.7506034516435967,98.998172245456,3.2546446440453667,5,0
10.0,5.0,40,60,0.5,True,0,False,False,1.2,0.8,0.3,14.0,0.75,5,0.05,0.025,12.0,15.0,8.0,721,58.252427184466015,1.677379630538392,1.7506034516435967,98.998172245456,3.2546446440453667,5,0
10.0,5.0,40,60,0.5,True,0,False,False,1.2,0.8,0.3,14.0,0.75,5,0.05,0.025,8.0,15.0,8.0,721,58.252427184466015,1.677379630538392,1.7506034516435967,98.998172245456,3.2546446440453667,5,0
10.0,5.0,40,60,0.5,True,0,False,False,1.2,0.8,0.3,14.0,0.75,5,0.05,0.025,12.0,100.0,100.0,721,58.252427184466015,1.677379630538392,1.7506034516435967,98.998172245456,3.2546446440453667,5,0
10.0,5.0,40,60,0.5,True,0,False,False,1.2,0.8,0.3,14.0,0.75,3,0.1,0.05,8.0,15.0,8.0,1081,59.481961147086025,1.8262103825735068,2.3967400515112827,289.6260093759018,4.174705850283027,7,0
10.0,5.0,40,60,0.5,True,0,False,False,1.2,0.8,0.3,14.0,0.75,3,0.1,0.05,12.0,100.0,100.0,1081,59.481961147086025,1.8262103825735068,2.3967400515112827,289.6260093759018,4.174705850283027,7,0
10.0,5.0,40,60,0.5,True,0,False,False,1.2,0.8,0.3,14.0,0.75,3,0.1,0.05,12.0,20.0,12.0,1081,59.481961147086025,1.8262103825735068,2.3967400515112827,289.6260093759018,4.174705850283027,7,0
10.0,5.0,40,60,0.5,True,0,False,False,1.2,0.8,0.3,14.0,0.75,3,0.1,0.05,12.0,15.0,8.0,1081,59.481961147086025,1.8262103825735068,2.3967400515112827,289.6260093759018,4.174705850283027,7,0
10.0,5.0,40,60,0.5,True,0,False,False,1.2,0.8,0.3,14.0,0.75,3,0.1,0.05,8.0,100.0,100.0,1081,59.481961147086025,1.8262103825735068,2.3967400515112827,289.6260093759018,4.174705850283027,7,0
10.0,5.0,40,60,0.5,True,0,False,False,1.2,0.8,0.3,14.0,0.75,3,0.1,0.05,8.0,20.0,12.0,1081,59.481961147086025,1.8262103825735068,2.3967400515112827,289.6260093759018,4.174705850283027,7,0
10.0,5.0,40,60,0.5,True,0,False,False,1.2,0.8,0.3,14.0,0.75,2,0.15,0.075,8.0,15.0,8.0,1081,59.481961147086025,1.8262103825735068,2.3967400515112827,289.6260093759018,4.174705850283027,7,0
10.0,5.0,40,60,0.5,True,0,False,False,1.2,0.8,0.3,14.0,0.75,2,0.15,0.075,12.0,100.0,100.0,1081,59.481961147086025,1.8262103825735068,2.3967400515112827,289.6260093759018,4.174705850283027,7,0
10.0,5.0,40,60,0.5,True,0,False,False,1.2,0.8,0.3,14.0,0.75,2,0.15,0.075,8.0,100.0,100.0,1081,59.481961147086025,1.8262103825735068,2.3967400515112827,289.6260093759018,4.174705850283027,7,0
10.0,5.0,40,60,0.5,True,0,False,False,1.2,0.8,0.3,14.0,0.75,2,0.15,0.075,8.0,20.0,12.0,1081,59.481961147086025,1.8262103825735068,2.3967400515112827,289.6260093759018,4.174705850283027,7,0
10.0,5.0,40,60,0.5,True,0,False,False,1.2,0.8,0.3,14.0,0.75,2,0.15,0.075,12.0,20.0,12.0,1081,59.481961147086025,1.8262103825735068,2.3967400515112827,289.6260093759018,4.174705850283027,7,0
10.0,5.0,40,60,0.5,True,0,False,False,1.2,0.8,0.3,14.0,0.75,2,0.15,0.075,12.0,15.0,8.0,1081,59.481961147086025,1.8262103825735068,2.3967400515112827,289.6260093759018,4.174705850283027,7,0
10.0,5.0,40,60,0.5,True,0,False,False,1.2,0.8,0.3,14.0,0.75,7,0.05,0.025,8.0,100.0,100.0,1919,60.70870244919229,1.8783900249758174,4.290771200876888,2051.7612809660263,7.208913442061189,7,0
10.0,5.0,40,60,0.5,True,0,False,False,1.2,0.8,0.3,14.0,0.75,7,0.05,0.025,8.0,20.0,12.0,1919,60.70870244919229,1.8783900249758174,4.290771200876888,2051.7612809660263,7.208913442061189,7,0
10.0,5.0,40,60,0.5,True,0,False,False,1.2,0.8,0.3,14.0,0.75,7,0.05,0.025,8.0,15.0,8.0,1919,60.70870244919229,1.8783900249758174,4.290771200876888,2051.7612809660263,7.208913442061189,7,0
10.0,5.0,40,60,0.5,True,0,False,False,1.2,0.8,0.3,14.0,0.75,7,0.05,0.025,12.0,100.0,100.0,1919,60.70870244919229,1.8783900249758174,4.290771200876888,2051.7612809660263,7.208913442061189,7,0
10.0,5.0,40,60,0.5,True,0,False,False,1.2,0.8,0.3,14.0,0.75,7,0.05,0.025,12.0,15.0,8.0,1919,60.70870244919229,1.8783900249758174,4.290771200876888,2051.7612809660263,7.208913442061189,7,0
10.0,5.0,40,60,0.5,True,0,False,False,1.2,0.8,0.3,14.0,0.75,7,0.05,0.025,12.0,20.0,12.0,1919,60.70870244919229,1.8783900249758174,4.290771200876888,2051.7612809660263,7.208913442061189,7,0
10.0,5.0,40,60,0.5,True,0,False,False,1.2,0.8,0.3,14.0,0.75,2,0.25,0.125,8.0,100.0,100.0,1953,60.72708653353814,1.819519651240267,4.4288316346784695,17317.576622328143,9.57497952910569,7,0
10.0,5.0,40,60,0.5,True,0,False,False,1.2,0.8,0.3,14.0,0.75,2,0.25,0.125,8.0,20.0,12.0,1953,60.72708653353814,1.819519651240267,4.4288316346784695,17317.576622328143,9.57497952910569,7,0
10.0,5.0,40,60,0.5,True,0,False,False,1.2,0.8,0.3,14.0,0.75,5,0.1,0.05,8.0,15.0,8.0,1953,60.72708653353814,1.819519651240267,4.4288316346784695,17317.576622328143,9.57497952910569,7,0
10.0,5.0,40,60,0.5,True,0,False,False,1.2,0.8,0.3,14.0,0.75,5,0.1,0.05,8.0,100.0,100.0,1953,60.72708653353814,1.819519651240267,4.4288316346784695,17317.576622328143,9.57497952910569,7,0
10.0,5.0,40,60,0.5,True,0,False,False,1.2,0.8,0.3,14.0,0.75,5,0.1,0.05,8.0,20.0,12.0,1953,60.72708653353814,1.819519651240267,4.4288316346784695,17317.576622328143,9.57497952910569,7,0
10.0,5.0,40,60,0.5,True,0,False,False,1.2,0.8,0.3,14.0,0.75,2,0.25,0.125,8.0,15.0,8.0,1953,60.72708653353814,1.819519651240267,4.4288316346784695,17317.576622328143,9.57497952910569,7,0
10.0,5.0,40,60,0.5,True,0,False,False,1.2,0.8,0.3,14.0,0.75,3,0.15,0.075,8.0,20.0,12.0,1953,60.72708653353814,1.8249105012420166,4.332031097365843,8654.022014262959,9.617504375999413,7,0
10.0,5.0,40,60,0.5,True,0,False,False,1.2,0.8,0.3,14.0,0.75,3,0.15,0.075,8.0,15.0,8.0,1953,60.72708653353814,1.8249105012420166,4.332031097365843,8654.022014262959,9.617504375999413,7,0
10.0,5.0,40,60,0.5,True,0,False,False,1.2,0.8,0.3,14.0,0.75,3,0.15,0.075,8.0,100.0,100.0,1953,60.72708653353814,1.8249105012420166,4.332031097365843,8654.022014262959,9.617504375999413,7,0
10.0,5.0,40,60,0.5,True,0,False,False,1.2,0.8,0.3,14.0,0.75,3,0.15,0.075,12.0,100.0,100.0,1953,60.72708653353814,1.8357586124199003,4.394600685795825,8932.929186089284,9.7920711794986,7,0
10.0,5.0,40,60,0.5,True,0,False,False,1.2,0.8,0.3,14.0,0.75,3,0.15,0.075,12.0,20.0,12.0,1953,60.72708653353814,1.8357586124199003,4.394600685795825,8932.929186089284,9.7920711794986,7,0
10.0,5.0,40,60,0.5,True,0,False,False,1.2,0.8,0.3,14.0,0.75,3,0.15,0.075,12.0,15.0,8.0,1953,60.72708653353814,1.8357586124199003,4.394600685795825,8932.929186089284,9.7920711794986,7,0
10.0,5.0,40,60,0.5,True,0,False,False,1.2,0.8,0.3,14.0,0.75,2,0.25,0.125,12.0,15.0,8.0,1953,60.72708653353814,1.821104925928287,4.4405570245784896,17539.686895724757,10.964752027821001,7,0
10.0,5.0,40,60,0.5,True,0,False,False,1.2,0.8,0.3,14.0,0.75,2,0.25,0.125,12.0,100.0,100.0,1953,60.72708653353814,1.821104925928287,4.4405570245784896,17539.686895724757,10.964752027821001,7,0
10.0,5.0,40,60,0.5,True,0,False,False,1.2,0.8,0.3,14.0,0.75,2,0.25,0.125,12.0,20.0,12.0,1953,60.72708653353814,1.821104925928287,4.4405570245784896,17539.686895724757,10.964752027821001,7,0
10.0,5.0,40,60,0.5,True,0,False,False,1.2,0.8,0.3,14.0,0.75,5,0.1,0.05,12.0,20.0,12.0,1953,60.72708653353814,1.821104925928287,4.4405570245784896,17539.686895724757,10.964752027821001,7,0
10.0,5.0,40,60,0.5,True,0,False,False,1.2,0.8,0.3,14.0,0.75,5,0.1,0.05,12.0,15.0,8.0,1953,60.72708653353814,1.821104925928287,4.4405570245784896,17539.686895724757,10.964752027821001,7,0
10.0,5.0,40,60,0.5,True,0,False,False,1.2,0.8,0.3,14.0,0.75,5,0.1,0.05,12.0,100.0,100.0,1953,60.72708653353814,1.821104925928287,4.4405570245784896,17539.686895724757,10.964752027821001,7,0
10.0,5.0,40,60,0.5,True,0,False,False,1.2,0.8,0.3,14.0,0.75,7,0.1,0.05,8.0,20.0,12.0,1953,60.72708653353814,1.7569419563108153,4.178494034258484,141436.15409854232,11.993876371206007,7,0
10.0,5.0,40,60,0.5,True,0,False,False,1.2,0.8,0.3,14.0,0.75,7,0.1,0.05,8.0,100.0,100.0,1953,60.72708653353814,1.7569419563108153,4.178494034258484,141436.15409854232,11.993876371206007,7,0
10.0,5.0,40,60,0.5,True,0,False,False,1.2,0.8,0.3,14.0,0.75,7,0.1,0.05,8.0,15.0,8.0,1953,60.72708653353814,1.7569419563108153,4.178494034258484,141436.15409854232,11.993876371206007,7,0
10.0,5.0,40,60,0.5,True,0,False,False,1.2,0.8,0.3,14.0,0.75,3,0.25,0.125,8.0,20.0,12.0,1953,60.72708653353814,1.7410630947721675,4.192196215116368,236118.9662029463,12.276075853855767,7,0
10.0,5.0,40,60,0.5,True,0,False,False,1.2,0.8,0.3,14.0,0.75,5,0.15,0.075,8.0,100.0,100.0,1953,60.72708653353814,1.7410630947721675,4.192196215116368,236118.9662029463,12.276075853855767,7,0
10.0,5.0,40,60,0.5,True,0,False,False,1.2,0.8,0.3,14.0,0.75,5,0.15,0.075,8.0,20.0,12.0,1953,60.72708653353814,1.7410630947721675,4.192196215116368,236118.9662029463,12.276075853855767,7,0
10.0,5.0,40,60,0.5,True,0,False,False,1.2,0.8,0.3,14.0,0.75,5,0.15,0.075,8.0,15.0,8.0,1953,60.72708653353814,1.7410630947721675,4.192196215116368,236118.9662029463,12.276075853855767,7,0
10.0,5.0,40,60,0.5,True,0,False,False,1.2,0.8,0.3,14.0,0.75,3,0.25,0.125,8.0,15.0,8.0,1953,60.72708653353814,1.7410630947721675,4.192196215116368,236118.9662029463,12.276075853855767,7,0
10.0,5.0,40,60,0.5,True,0,False,False,1.2,0.8,0.3,14.0,0.75,3,0.25,0.125,8.0,100.0,100.0,1953,60.72708653353814,1.7410630947721675,4.192196215116368,236118.9662029463,12.276075853855767,7,0
10.0,5.0,40,60,0.5,True,0,False,False,1.2,0.8,0.3,14.0,0.75,7,0.1,0.05,12.0,15.0,8.0,1953,60.72708653353814,1.757702547218329,4.356483989515746,168330.69554428736,14.229850490596604,7,0
10.0,5.0,40,60,0.5,True,0,False,False,1.2,0.8,0.3,14.0,0.75,7,0.1,0.05,12.0,100.0,100.0,1953,60.72708653353814,1.757702547218329,4.356483989515746,168330.69554428736,14.229850490596604,7,0
10.0,5.0,40,60,0.5,True,0,False,False,1.2,0.8,0.3,14.0,0.75,7,0.1,0.05,12.0,20.0,12.0,1953,60.72708653353814,1.757702547218329,4.356483989515746,168330.69554428736,14.229850490596604,7,0
10.0,5.0,40,60,0.5,True,0,False,False,1.2,0.8,0.3,14.0,0.75,5,0.15,0.075,12.0,100.0,100.0,1953,60.72708653353814,1.7465178572116087,4.346743410680749,290887.32504462934,14.826965581320012,7,0
10.0,5.0,40,60,0.5,True,0,False,False,1.2,0.8,0.3,14.0,0.75,3,0.25,0.125,12.0,15.0,8.0,1953,60.72708653353814,1.7465178572116087,4.346743410680749,290887.32504462934,14.826965581320012,7,0
10.0,5.0,40,60,0.5,True,0,False,False,1.2,0.8,0.3,14.0,0.75,3,0.25,0.125,12.0,100.0,100.0,1953,60.72708653353814,1.7465178572116087,4.346743410680749,290887.32504462934,14.826965581320012,7,0
10.0,5.0,40,60,0.5,True,0,False,False,1.2,0.8,0.3,14.0,0.75,3,0.25,0.125,12.0,20.0,12.0,1953,60.72708653353814,1.7465178572116087,4.346743410680749,290887.32504462934,14.826965581320012,7,0
10.0,5.0,40,60,0.5,True,0,False,False,1.2,0.8,0.3,14.0,0.75,5,0.15,0.075,12.0,15.0,8.0,1953,60.72708653353814,1.7465178572116087,4.346743410680749,290887.32504462934,14.826965581320012,7,0
10.0,5.0,40,60,0.5,True,0,False,False,1.2,0.8,0.3,14.0,0.75,5,0.15,0.075,12.0,20.0,12.0,1953,60.72708653353814,1.7465178572116087,4.346743410680749,290887.32504462934,14.826965581320012,7,0
10.0,5.0,40,60,0.5,True,0,False,False,1.2,0.8,0.3,14.0,0.75,5,0.25,0.125,12.0,15.0,8.0,410,56.82926829268292,1.3673755542416157,0.8797447886059425,393.3098505723666,15.092493217837932,5,42362
10.0,5.0,40,60,0.5,True,0,False,False,1.2,0.8,0.3,14.0,0.75,5,0.25,0.125,8.0,15.0,8.0,1335,60.149812734082396,1.9898157041107445,2.736830867713296,341349.7957370732,15.107212263730396,7,16503
10.0,5.0,40,60,0.5,True,0,False,False,1.2,0.8,0.3,14.0,0.75,7,0.25,0.125,8.0,15.0,8.0,116,55.172413793103445,1.3986738423715994,0.4089963256290931,66.71630092119621,15.144725766920406,4,49692
10.0,5.0,40,60,0.5,True,0,False,False,1.2,0.8,0.3,14.0,0.75,7,0.15,0.075,8.0,15.0,8.0,1344,59.970238095238095,1.9149919200141476,2.8073419465833407,124545.881257017,15.510884001608751,7,16333
10.0,5.0,40,60,0.5,True,0,False,False,1.2,0.8,0.3,14.0,0.75,7,0.15,0.075,8.0,20.0,12.0,1953,60.72708653353814,1.7169186604768543,4.0489150809288565,3588657.5714295767,15.604886848951368,7,0
10.0,5.0,40,60,0.5,True,0,False,False,1.2,0.8,0.3,14.0,0.75,7,0.15,0.075,8.0,100.0,100.0,1953,60.72708653353814,1.7169186604768543,4.0489150809288565,3588657.5714295767,15.604886848951368,7,0
10.0,5.0,40,60,0.5,True,0,False,False,1.2,0.8,0.3,14.0,0.75,7,0.15,0.075,12.0,15.0,8.0,1335,60.149812734082396,1.9064905239944843,2.834493178652436,167384.4608985282,15.649643081947548,7,16503
10.0,5.0,40,60,0.5,True,0,False,False,1.2,0.8,0.3,14.0,0.75,7,0.25,0.125,12.0,15.0,8.0,29,44.827586206896555,0.792701076062236,-0.40824829046386296,-9.263949383528216,15.974474870278755,3,51708
10.0,5.0,40,60,0.5,True,0,False,False,1.2,0.8,0.3,14.0,0.75,5,0.25,0.125,8.0,100.0,100.0,1953,60.72708653353814,1.6697394904716403,3.886690701875481,16144914.63341235,17.42864964522468,7,0
10.0,5.0,40,60,0.5,True,0,False,False,1.2,0.8,0.3,14.0,0.75,5,0.25,0.125,8.0,20.0,12.0,1953,60.72708653353814,1.6697394904716403,3.886690701875481,16144914.63341235,17.42864964522468,7,0
10.0,5.0,40,60,0.5,True,0,False,False,1.2,0.8,0.3,14.0,0.75,7,0.15,0.075,12.0,100.0,100.0,1953,60.72708653353814,1.6900928472326775,4.129809259003082,5464072.514850172,17.581776449464527,7,0
10.0,5.0,40,60,0.5,True,0,False,False,1.2,0.8,0.3,14.0,0.75,7,0.15,0.075,12.0,20.0,12.0,1953,60.72708653353814,1.6900928472326775,4.129809259003082,5464072.514850172,17.581776449464527,7,0
10.0,5.0,40,60,0.5,True,0,False,False,1.2,0.8,0.3,14.0,0.75,7,0.25,0.125,12.0,20.0,12.0,1332,60.210210210210214,1.9419062116047623,2.748925155824059,9742729.98117571,20.00138737600695,7,16565
10.0,5.0,40,60,0.5,True,0,False,False,1.2,0.8,0.3,14.0,0.75,5,0.25,0.125,12.0,100.0,100.0,1953,60.72708653353814,1.6501973627388429,4.063841596628701,35488547.60071187,20.089053212666645,7,0
10.0,5.0,40,60,0.5,True,0,False,False,1.2,0.8,0.3,14.0,0.75,5,0.25,0.125,12.0,20.0,12.0,1346,59.9554234769688,1.8194914994626772,2.810873910675514,614818.1005478564,20.089053212666645,7,16233
10.0,5.0,40,60,0.5,True,0,False,False,1.2,0.8,0.3,14.0,0.75,7,0.25,0.125,8.0,20.0,12.0,1338,60.0896860986547,1.8849704549544957,2.597584528493898,2694432.8519759774,21.005069027124613,7,16422
10.0,5.0,40,60,0.5,True,0,False,False,1.2,0.8,0.3,14.0,0.75,7,0.25,0.125,8.0,100.0,100.0,1953,60.72708653353814,1.6809253672634277,3.6952054449089244,601961585.5510427,22.435951859838692,7,0
10.0,5.0,40,60,0.5,True,0,False,False,1.2,0.8,0.3,14.0,0.75,7,0.25,0.125,12.0,100.0,100.0,1953,60.72708653353814,1.6344033654804635,3.8596648831705633,2034088763.0353837,24.785591112483562,7,0
